PRAGMA foreign_keys = ON;

-- ============================================================
-- HAL Cinema second seed data
-- mock/db/schema.sql のサンプルデータを second/db/schema.sql 用に変換。
-- schema.sql 適用後の空DBへ投入する想定。
-- ============================================================

BEGIN;

-- ============================================================
-- screen_types / screens
-- ============================================================
INSERT INTO screen_types (id, name, capacity) VALUES
('SCRT001', '大スクリーン', 200),
('SCRT002', '中スクリーン', 120),
('SCRT003', '小スクリーン',  70);

INSERT INTO screens (id, screen_type_id, name) VALUES
('SCR001', 'SCRT001', 'スクリーン1'),
('SCR002', 'SCRT001', 'スクリーン2'),
('SCR003', 'SCRT001', 'スクリーン3'),
('SCR004', 'SCRT002', 'スクリーン4'),
('SCR005', 'SCRT002', 'スクリーン5'),
('SCR006', 'SCRT003', 'スクリーン6'),
('SCR007', 'SCRT003', 'スクリーン7'),
('SCR008', 'SCRT003', 'スクリーン8');

-- 座席コードはフロントの座席表と同じ A1, A2 ... 形式で生成する。
-- 200席: 10行x20列 / 120席: 8行x15列 / 70席: 7行x10列
WITH RECURSIVE
screen_layouts(screen_id, capacity, columns) AS (
    VALUES
        ('SCR001', 200, 20),
        ('SCR002', 200, 20),
        ('SCR003', 200, 20),
        ('SCR004', 120, 15),
        ('SCR005', 120, 15),
        ('SCR006',  70, 10),
        ('SCR007',  70, 10),
        ('SCR008',  70, 10)
),
seat_numbers(screen_id, capacity, columns, n) AS (
    SELECT screen_id, capacity, columns, 1
      FROM screen_layouts
    UNION ALL
    SELECT screen_id, capacity, columns, n + 1
      FROM seat_numbers
     WHERE n < capacity
)
INSERT INTO seats (screen_id, seat_code)
SELECT
    screen_id,
    char(65 + CAST((n - 1) / columns AS INTEGER)) || CAST(((n - 1) % columns) + 1 AS TEXT)
FROM seat_numbers
ORDER BY screen_id, n;

-- ============================================================
-- payment_methods / coupons / ticket_types
-- ============================================================
INSERT INTO payment_methods (id, code, name, display_order) VALUES
('PT001', 'credit',  'クレジットカード', 1),
('PT002', 'qr',      'QR決済',           2),
('PT003', 'konbini', 'コンビニ払い',     3);

INSERT INTO coupons (id, code, discount_amount) VALUES
('C001', 'LATE100', 100),   -- レイトショー割引 100円引き
('C002', 'GRUP200', 200),   -- グループ割引 200円引き
('C003', 'HORS100', 100),   -- ホラーコスプレ割引 100円引き
('C004', 'WELC300', 300),   -- ウェルカムクーポン 300円引き
('C005', 'BDAY500', 500),   -- 誕生日クーポン 500円引き
('C006', 'WEEK150', 150),   -- 平日割引 150円引き
('C007', 'MEMS300', 300),   -- 会員特典 300円引き
('C008', 'SUMM200', 200),   -- 夏季特別割引 200円引き
('C009', 'WINT200', 200),   -- 冬季特別割引 200円引き
('C010', 'HOLI150', 150);   -- 祝日割引 150円引き

INSERT INTO ticket_types (id, code, name, price, required_seat_count, display_order, is_active) VALUES
(1, 'pair',       'ペアチケット',       3200, 2, 1, 1),
(2, 'adult',      '一般',               1800, 1, 2, 1),
(3, 'university', '大学生・専門学生',   1600, 1, 3, 1),
(4, 'student',    '中学・高校生',       1400, 1, 4, 1),
(5, 'child',      '小学生・幼児',       1000, 1, 5, 1),
(6, 'senior',     'シニア',             1200, 1, 6, 1),
(7, 'disability', '障がい者',           1000, 1, 7, 1);

-- ============================================================
-- people
-- 1-99: 出演者 / 100番台: 監督
-- ============================================================
INSERT INTO people (id, name) VALUES
(  1, '吹越満'),
(  2, 'でんでん'),
(  3, '黒沢あすか'),
(  4, '神楽坂恵'),
(  5, '内野聖陽'),
(  6, '大竹しのぶ'),
(  7, '西村雅彦'),
(  8, '黒木瞳'),
(  9, '菅野莉央'),
( 10, '松たか子'),
( 11, '岡田将生'),
( 12, '木村佳乃'),
( 13, '山田裕貴'),
( 14, '伊藤沙莉'),
( 15, '染谷将太'),
( 16, '間宮祥太朗'),
( 17, '佐藤二朗'),
( 18, '恒松祐里'),
( 19, '阿部サダヲ'),
( 20, '水上恒司'),
( 21, '小栗旬'),
( 22, '尾野真千子'),
( 23, '長澤まさみ'),
( 24, '瀬戸康史'),
(101, '園子温'),
(102, '森田芳光'),
(103, '中田秀夫'),
(104, '石川淳一'),
(105, '永江二朗'),
(106, '中島哲也'),
(107, '永井聡'),
(108, '白石和彌'),
(109, '大友啓史'),
(110, '矢口史靖');

-- ============================================================
-- movies
-- ============================================================
INSERT INTO movies (
    id, director_person_id, main_actor_person_id, title, title_kana, title_en,
    rating, duration_min, poster_url, tagline, synopsis, genre, language,
    created_at, updated_at
) VALUES
('M001', 101,  1, '冷たい熱帯魚', 'つめたいねったいぎょ', '冷たい熱帯魚',
 'R18+', 146, 'https://image.tmdb.org/t/p/w500/8jzXKuuSMNYU0jSakJkdkzQcZbL.jpg',
 NULL,
 '死別した前妻の娘と現在の妻。折り合いの悪い二人に挟まれながら小さな熱帯魚店を営む社本信行。娘の万引き事件をきっかけに、大型熱帯魚店を経営する村田と関わり始め、引き返せない顛末へと引き込まれていく。',
 'ドラマ,スリラー,犯罪,ホラー', '日本語', '2026-05-01 10:00:00', '2026-05-01 10:00:00'),

('M002', 102,  5, '黒い家', 'くろいいえ', '黒い家',
 'R15+', 118, 'https://image.tmdb.org/t/p/w500/s6JLXxlWUH2OVWKTw8XqfXPu4Cw.jpg',
 NULL,
 '保険会社の社員・若槻慎二は訪問先の家で首吊り死体を発見する。自殺として処理された事件に疑問を抱いた若槻が独自に調査を始めると、夫婦の保険金をめぐる異常な行動が次第に明らかになっていく。',
 'ホラー,謎', '日本語', '2026-05-01 10:00:00', '2026-05-01 10:00:00'),

('M003', 103,  8, '仄暗い水の底から', 'ほのぐらいみずのそこから', '仄暗い水の底から',
 'PG12', 101, 'https://image.tmdb.org/t/p/w500/7JpBzb3Eb2fryzzSd9q64GwcDfe.jpg',
 NULL,
 '離婚調停中の淑美は娘・郁子と新しいマンションに引っ越す。雨漏りや異音が続く中、2年前に行方不明になった少女の霊が郁子に近づいていることを感じ始め、恐慌に陥っていく。',
 'ホラー,謎,スリラー', '日本語', '2026-05-01 10:00:00', '2026-05-01 10:00:00'),

('M004', 104, 16, '変な家', 'へんないえ', '変な家',
 'PG12', 110, 'https://image.tmdb.org/t/p/w500/ArUTdQ84QNni5Uz0Mk54qc8wyJ.jpg',
 NULL,
 'オカルト系ユーチューバーの雨宮が不可解な間取り図の謎を解き明かそうとするうちに、その家にまつわる恐ろしい真実に近づいていく。',
 'スリラー,謎', '日本語', '2026-05-01 10:00:00', '2026-05-01 10:00:00'),

('M005', 105, 18, 'きさらぎ駅', 'きさらぎえき', 'きさらぎ駅',
 'R15+', 82, 'https://image.tmdb.org/t/p/w500/fkH85I3onRvT2E2Fod4G3mjim4h.jpg',
 NULL,
 '2004年、女性がSNSにリアルタイム実況しながら見知らぬ無人駅「きさらぎ駅」に迷い込み、消息不明になった実話をベースにしたホラー。',
 'ホラー', '日本語', '2026-05-01 10:00:00', '2026-05-01 10:00:00'),

('M006', 106, 10, '告白', 'こくはく', '告白',
 'R15+', 107, 'https://image.tmdb.org/t/p/w500/p8vr7jVwflsSqAq91nWcOPZ2RIv.jpg',
 NULL,
 '娘を殺された中学教師の森口悠子が終業式のホームルームで衝撃的な告白をする。そこから始まる連鎖する告白と復讐の物語。',
 'ドラマ,スリラー,謎', '日本語', '2026-05-01 10:00:00', '2026-05-01 10:00:00'),

('M007', 107, 13, '爆弾', 'ばくだん', '爆弾',
 'PG12', 136, 'https://image.tmdb.org/t/p/w500/7d4Gb3R1W6OByg46V5TSCNbbpUW.jpg',
 'その男の予言は、なぜ当たるのか。',
 '酔っ払いとして連行された謎の中年男・スズキタゴサクが都内の爆弾を予告。刑事たちの問いかけをのらりくらりとかわしながら謎のクイズを出し始める。彼の正体と爆弾の真相とは。',
 'スリラー,謎,犯罪', '日本語', '2026-05-01 10:00:00', '2026-05-01 10:00:00'),

('M008', 108, 19, '死刑にいたる病', 'しけいにいたるやまい', '死刑にいたる病',
 'G', 128, 'https://image.tmdb.org/t/p/w500/oMAnlf97UOyfQrFOGUE4bqPbmLo.jpg',
 NULL,
 '大学生・雅也のもとに稀代の連続殺人鬼・榛村から「最後の事件だけは冤罪だ」という手紙が届く。独自調査を始めた雅也が直面する、想像を超えた残酷な真相。',
 '謎,ドラマ,犯罪', '日本語', '2026-05-01 10:00:00', '2026-05-01 10:00:00'),

('M009', 109, 21, 'ミュージアム', 'みゅーじあむ', 'ミュージアム',
 'G', 132, 'https://image.tmdb.org/t/p/w500/oHy3ntbb4PmK7iDouwftaLSabVy.jpg',
 NULL,
 '雨の日だけに起こる猟奇殺人事件を追う刑事・沢村久志。カエルのマスクを被った犯人「カエル男」との息詰まる追跡劇。',
 'ドラマ,スリラー', '日本語', '2026-05-01 10:00:00', '2026-05-01 10:00:00'),

('M010', 110, 23, 'ドールハウス', 'どーるはうす', 'ドールハウス',
 'G', 110, 'https://image.tmdb.org/t/p/w500/gBCT1BbU5i0p9yj4M12Vvd2rVM2.jpg',
 NULL,
 '5歳の娘を亡くした夫婦が骨董市で娘に似た人形を迎えたことをきっかけに不可解な出来事が続発する。捨てても戻ってくる人形の秘密に迫るホラー。',
 'ホラー,謎', '日本語', '2026-05-01 10:00:00', '2026-05-01 10:00:00');

-- ============================================================
-- movie_people
-- ============================================================
INSERT INTO movie_people (movie_id, person_id, role, display_order) VALUES
('M001', 101, '監督', 1),
('M002', 102, '監督', 1),
('M003', 103, '監督', 1),
('M004', 104, '監督', 1),
('M005', 105, '監督', 1),
('M006', 106, '監督', 1),
('M007', 107, '監督', 1),
('M008', 108, '監督', 1),
('M009', 109, '監督', 1),
('M010', 110, '監督', 1),

('M001',  1, '出演', 1),
('M001',  2, '出演', 2),
('M001',  3, '出演', 3),
('M001',  4, '出演', 4),
('M002',  5, '出演', 1),
('M002',  6, '出演', 2),
('M002',  7, '出演', 3),
('M003',  8, '出演', 1),
('M003',  9, '出演', 2),
('M004', 16, '出演', 1),
('M004', 17, '出演', 2),
('M005', 18, '出演', 1),
('M006', 10, '出演', 1),
('M006', 11, '出演', 2),
('M006', 12, '出演', 3),
('M007', 13, '出演', 1),
('M007', 14, '出演', 2),
('M007', 15, '出演', 3),
('M008', 19, '出演', 1),
('M008', 20, '出演', 2),
('M009', 21, '出演', 1),
('M009', 22, '出演', 2),
('M010', 23, '出演', 1),
('M010', 24, '出演', 2);

-- ============================================================
-- schedules
-- mock/db/schema.sql の上映中映画サンプルを、新しいID体系に変換。
-- ============================================================
INSERT INTO schedules (id, movie_id, screen_id, start_at, end_at) VALUES
('SCH0001', 'M001', 'SCR001', '2026-05-23 10:00', '2026-05-23 12:26'),
('SCH0002', 'M001', 'SCR001', '2026-05-23 17:00', '2026-05-23 19:26'),
('SCH0003', 'M001', 'SCR003', '2026-05-23 13:30', '2026-05-23 15:56'),
('SCH0004', 'M001', 'SCR003', '2026-05-23 20:30', '2026-05-23 22:56'),
('SCH0005', 'M002', 'SCR002', '2026-05-22 11:20', '2026-05-22 13:18'),
('SCH0006', 'M002', 'SCR002', '2026-05-22 18:30', '2026-05-22 20:28'),
('SCH0007', 'M002', 'SCR005', '2026-05-22 14:50', '2026-05-22 16:48'),
('SCH0008', 'M003', 'SCR004', '2026-05-22 12:00', '2026-05-22 13:41'),
('SCH0009', 'M003', 'SCR004', '2026-05-22 20:00', '2026-05-22 21:41'),
('SCH0010', 'M003', 'SCR006', '2026-05-23 16:20', '2026-05-23 18:01'),
('SCH0011', 'M006', 'SCR002', '2026-05-23 10:30', '2026-05-23 12:17'),
('SCH0012', 'M006', 'SCR002', '2026-05-23 13:00', '2026-05-23 14:47'),
('SCH0013', 'M006', 'SCR002', '2026-05-23 19:00', '2026-05-23 20:47'),
('SCH0014', 'M006', 'SCR007', '2026-05-23 11:00', '2026-05-23 12:47'),
('SCH0015', 'M006', 'SCR007', '2026-05-23 14:00', '2026-05-23 15:47'),
('SCH0016', 'M006', 'SCR007', '2026-05-23 20:00', '2026-05-23 21:47'),
('SCH0017', 'M007', 'SCR003', '2026-05-22 09:50', '2026-05-22 12:06'),
('SCH0018', 'M007', 'SCR003', '2026-05-22 12:30', '2026-05-22 14:46'),
('SCH0019', 'M007', 'SCR003', '2026-05-22 16:00', '2026-05-22 18:16'),
('SCH0020', 'M007', 'SCR003', '2026-05-22 20:30', '2026-05-22 22:46'),
('SCH0021', 'M007', 'SCR008', '2026-05-22 10:20', '2026-05-22 12:36'),
('SCH0022', 'M007', 'SCR008', '2026-05-22 13:00', '2026-05-22 15:16'),
('SCH0023', 'M007', 'SCR008', '2026-05-22 17:30', '2026-05-22 19:46'),
('SCH0024', 'M007', 'SCR008', '2026-05-22 21:00', '2026-05-22 23:16'),
('SCH0025', 'M008', 'SCR001', '2026-05-22 09:40', '2026-05-22 11:48'),
('SCH0026', 'M008', 'SCR001', '2026-05-22 21:10', '2026-05-22 23:18'),
('SCH0027', 'M008', 'SCR004', '2026-05-22 15:20', '2026-05-22 17:28'),
('SCH0028', 'M009', 'SCR005', '2026-05-22 10:50', '2026-05-22 13:02'),
('SCH0029', 'M009', 'SCR005', '2026-05-22 20:20', '2026-05-22 22:32'),
('SCH0030', 'M009', 'SCR006', '2026-05-22 16:40', '2026-05-22 18:52');

-- ============================================================
-- 予約状況シード (reservations / reservation_details / reservation_seats)
-- 上映スケジュール画面の予約状況表示（◎余裕あり / △残りわずか / 販売終了）を
-- DBの実際の座席占有から再現するためのデータ。
-- 各上映回ごとに占有目標 status を割り当て、座席数を以下のとおり埋める。
--   soldout(販売終了)  … 全席を予約済みにする（残席0）
--   few(残りわずか)    … 定員の約92%を予約済み（残席 約8% ≦ 15%）
--   ok(余裕あり)       … 定員の約40%を予約済み
-- 占有のみを再現する簡易データのため、1予約=1明細に座席をまとめて紐付ける。
-- status の値は frontend のモック表示 (page-scripts/data.ts) と一致させている。
-- ============================================================
CREATE TEMP TABLE _schedule_fill(schedule_id TEXT PRIMARY KEY, status TEXT NOT NULL);
INSERT INTO _schedule_fill (schedule_id, status) VALUES
('SCH0001', 'soldout'),
('SCH0002', 'ok'),
('SCH0003', 'few'),
('SCH0004', 'ok'),
('SCH0005', 'soldout'),
('SCH0006', 'ok'),
('SCH0007', 'few'),
('SCH0008', 'ok'),
('SCH0009', 'ok'),
('SCH0010', 'soldout'),
('SCH0011', 'soldout'),
('SCH0012', 'few'),
('SCH0013', 'ok'),
('SCH0014', 'ok'),
('SCH0015', 'soldout'),
('SCH0016', 'ok'),
('SCH0017', 'ok'),
('SCH0018', 'soldout'),
('SCH0019', 'few'),
('SCH0020', 'ok'),
('SCH0021', 'few'),
('SCH0022', 'ok'),
('SCH0023', 'soldout'),
('SCH0024', 'ok'),
('SCH0025', 'ok'),
('SCH0026', 'few'),
('SCH0027', 'ok'),
('SCH0028', 'few'),
('SCH0029', 'ok'),
('SCH0030', 'soldout');

-- 1上映回につき1予約。予約ID/明細IDはスケジュール番号から決定的に生成する。
INSERT INTO reservations
    (id, schedule_id, member_id, customer_name, customer_name_kana,
     customer_email, customer_tel, status, reserved_at, created_at, updated_at)
SELECT
    'R'  || printf('%010d', CAST(substr(schedule_id, 4) AS INTEGER)),
    schedule_id, NULL, 'シード予約', 'しーどよやく',
    'seed-reservation@example.com', '00000000000',
    'confirmed', '2026-05-20 10:00:00', '2026-05-20 10:00:00', '2026-05-20 10:00:00'
FROM _schedule_fill;

INSERT INTO reservation_details (id, reservation_id, ticket_type_id, price)
SELECT
    'RD' || printf('%010d', CAST(substr(schedule_id, 4) AS INTEGER)),
    'R'  || printf('%010d', CAST(substr(schedule_id, 4) AS INTEGER)),
    2, 1800
FROM _schedule_fill;

INSERT INTO reservation_seats (reservation_detail_id, schedule_id, seat_id)
WITH target AS (
    SELECT
        f.schedule_id,
        sch.screen_id,
        CASE f.status
            WHEN 'soldout' THEN st.capacity
            WHEN 'few'     THEN st.capacity - CAST(st.capacity * 0.08 AS INTEGER)
            ELSE                CAST(st.capacity * 0.4 AS INTEGER)
        END AS reserve_count
    FROM _schedule_fill f
    JOIN schedules    sch ON sch.id = f.schedule_id
    JOIN screens      scr ON scr.id = sch.screen_id
    JOIN screen_types st  ON st.id  = scr.screen_type_id
),
ranked AS (
    -- 座席は random() でシャッフルした順に埋め、頭から連番ではなく散らばるようにする。
    SELECT
        t.schedule_id,
        t.reserve_count,
        se.id AS seat_id,
        ROW_NUMBER() OVER (PARTITION BY t.schedule_id ORDER BY random()) AS rn
    FROM target t
    JOIN seats se ON se.screen_id = t.screen_id
)
SELECT
    'RD' || printf('%010d', CAST(substr(schedule_id, 4) AS INTEGER)),
    schedule_id,
    seat_id
FROM ranked
WHERE rn <= reserve_count;

DROP TABLE _schedule_fill;

-- ============================================================
-- news
-- ============================================================
INSERT INTO news (id, title, body, tag, published_at, is_published) VALUES
('N0001', 'GWスペシャル「ドールハウス」舞台挨拶 — 5月3日(土)開催決定',
 'GWスペシャル企画として、「ドールハウス」の舞台挨拶付き上映を5月3日(土)に開催します。登壇者やチケット販売方法などの詳細は、決まり次第このページでお知らせします。',
 'お知らせ', '2025-04-20', 1),
('N0002', '第3回 HALシネマ ホラー映画祭 2025年6月開催決定',
 '第3回 HALシネマ ホラー映画祭を2025年6月に開催します。新旧の注目作上映に加え、監督トークや深夜上映などの特別企画を予定しています。',
 'イベント', '2025-04-15', 1),
('N0003', '毎月13日は「呪いのサービスデー」— 中学生以上1,300円',
 '毎月13日は「呪いのサービスデー」として、中学生以上の券種を1,300円でご鑑賞いただけます。特別興行や一部イベント上映は対象外となる場合があります。',
 'キャンペーン', '2025-04-10', 1),
('N0004', 'スクリーン7・8リニューアル完了 — 最新ドルビーアトモス導入',
 'スクリーン7・8のリニューアル工事が完了し、最新のドルビーアトモス環境を導入しました。より立体的で緊張感のある音響体験を、ホラー・ミステリー・サスペンス作品でお楽しみください。',
 'お知らせ', '2025-04-01', 1),
('N0005', '4月8日(火)システムメンテナンスのため終日休業',
 '4月8日(火)はシステムメンテナンスのため、全館終日休業いたします。オンラインチケット購入およびお問い合わせフォームも一部時間帯でご利用いただけません。',
 'メンテナンス', '2025-03-28', 1),
('N0006', '「呪縛の家」2025年6月公開決定',
 '「呪縛の家」の公開が2025年6月に決定しました。予告映像や上映スケジュールは、決まり次第お知らせします。',
 '新作情報', '2025-03-15', 1),
('N0007', '「深淵より」2025年7月公開決定',
 '深海を舞台にした新感覚ホラー「深淵より」が2025年7月公開予定です。詳細な上映情報は後日公開します。',
 '新作情報', '2025-03-01', 1),
('N0008', '「カラダ探し」特集上映を開催',
 '「カラダ探し」の特集上映を開催します。監督トークショー付きのスペシャル上映です。',
 'イベント', '2025-02-20', 1),
('N0009', '公式スマートフォンアプリをリリース',
 '公式スマートフォンアプリのリリースにより、オンライン予約機能がより便利になりました。チケット購入や上映情報の確認にご利用ください。',
 'お知らせ', '2025-02-01', 1),
('N0010', 'HAL CINEMA MEMBERSのご案内 — 会員登録のメリットと登録方法',
 'HAL CINEMA MEMBERSは、オンライン予約をよりスムーズに利用するための無料会員サービスです。座席予約の途中で登録すると、入力した氏名・メールアドレス・電話番号を会員情報として保存し、次回以降の購入手続きに利用できます。',
 '会員', '2025-05-01', 1);

-- ============================================================
-- inquiries
-- ============================================================
INSERT INTO inquiries (
    id, name, email, category, message, received_at,
    status, response_body, responded_at, respondent
) VALUES
('Q001', 'はる太郎', 'hal-taro@example.com', '上映情報',
 '上映スケジュールの公開時期について確認したいです。',
 '2026-06-04 00:00:01', 'resolved',
 '翌月分のスケジュールは毎月20日前後に公開予定です。',
 '2026-06-05 00:00:01', 'はる太郎2');

COMMIT;
